opportunity_id,opportunity_number,opportunity_title,opportunity_status,agency_code,agency_name,top_level_agency_name,agency_contact_description,agency_email_address,category,category_explanation,funding_categories,funding_category_description,opportunity_assistance_listings,estimated_total_program_funding,award_ceiling,award_floor,expected_number_of_awards,funding_instruments,applicant_types,applicant_eligibility_description,is_cost_sharing,post_date,close_date,archive_date,forecasted_post_date,forecasted_close_date,forecasted_award_date,forecasted_project_start_date,fiscal_year,is_forecast,created_at,updated_at,url,additional_info_url,additional_info_url_description,summary_description
nafosted-2018-basic-natural,NAFOSTED-CB-TN-2018,Tài trợ nghiên cứu cơ bản khoa học tự nhiên 2018,closed,NAFOSTED,Quỹ Phát triển Khoa học và Công nghệ Quốc gia,Bộ Khoa học và Công nghệ,,,Khoa học,Nghiên cứu cơ bản khoa học tự nhiên,Khoa học tự nhiên,Vật lý; Hóa học; Sinh học; Toán học,,,,,,grant,Tổ chức nghiên cứu,Nhà khoa học tại Việt Nam,,2018-01-01,2018-03-31,,,,,,2018,false,,,https://nafosted.gov.vn,,,Nghiên cứu cơ bản khoa học tự nhiên
nafosted-2018-basic-social,NAFOSTED-CB-XH-2018,Tài trợ nghiên cứu cơ bản khoa học xã hội 2018,closed,NAFOSTED,Quỹ Phát triển Khoa học và Công nghệ Quốc gia,Bộ Khoa học và Công nghệ,,,Khoa học xã hội,Nghiên cứu cơ bản khoa học xã hội,Khoa học xã hội,Kinh tế; Luật; Xã hội học,,,,,,grant,Tổ chức nghiên cứu,Nhà khoa học lĩnh vực xã hội,,2018-01-01,2018-03-31,,,,,,2018,false,,,https://nafosted.gov.vn,,,Nghiên cứu cơ bản khoa học xã hội
nafosted-2019-basic-natural,NAFOSTED-CB-TN-2019,Tài trợ nghiên cứu cơ bản khoa học tự nhiên 2019,closed,NAFOSTED,Quỹ Phát triển Khoa học và Công nghệ Quốc gia,Bộ Khoa học và Công nghệ,,,Khoa học,Nghiên cứu cơ bản khoa học tự nhiên,Khoa học tự nhiên,Vật lý; Hóa học; Sinh học; Toán học,,,,,,grant,Tổ chức nghiên cứu,Nhà khoa học tại Việt Nam,,2019-01-01,2019-03-31,,,,,,2019,false,,,https://nafosted.gov.vn,,,Nghiên cứu cơ bản khoa học tự nhiên
nafosted-2025-basic-natural,NAFOSTED-CB-TN-2025,Nghiên cứu cơ bản khoa học tự nhiên 2025,closed,NAFOSTED,Quỹ Phát triển Khoa học và Công nghệ Quốc gia,Bộ Khoa học và Công nghệ,,,Khoa học,Nghiên cứu cơ bản khoa học tự nhiên,Khoa học tự nhiên,Vật lý; Hóa học; Sinh học; Toán học,,,,,,grant,Tổ chức nghiên cứu,Nhà khoa học tại Việt Nam,,2025-01-01,2025-03-30,,,,,,2025,false,,,https://nafosted.gov.vn,,,Nghiên cứu cơ bản khoa học tự nhiên
nafosted-2025-basic-social,NAFOSTED-CB-XH-2025,Nghiên cứu cơ bản khoa học xã hội 2025,closed,NAFOSTED,Quỹ Phát triển Khoa học và Công nghệ Quốc gia,Bộ Khoa học và Công nghệ,,,Khoa học xã hội,Nghiên cứu cơ bản khoa học xã hội,Khoa học xã hội,Kinh tế; Xã hội học; Tâm lý học; Luật,,,,,,grant,Tổ chức nghiên cứu,Nhà khoa học lĩnh vực xã hội,,2025-01-01,2025-03-30,,,,,,2025,false,,,https://nafosted.gov.vn,,,Nghiên cứu cơ bản khoa học xã hội
nafosted-2025-applied,NAFOSTED-UD-2025,Tài trợ nghiên cứu ứng dụng năm 2025,closed,NAFOSTED,Quỹ Phát triển Khoa học và Công nghệ Quốc gia,Bộ Khoa học và Công nghệ,,,Công nghệ,Nghiên cứu ứng dụng,Khoa học tự nhiên; Kỹ thuật; Y dược; Nông nghiệp; Xã hội,Nghiên cứu ứng dụng,,,,,,grant,Tổ chức; cá nhân,Tổ chức và cá nhân tại Việt Nam,,2025-05-20,2025-06-30,,,,,,2025,false,,,https://nafosted.gov.vn/thong-bao-ke-hoach-tai-tro-nghien-cuu-ung-dung-nam-2025/,,,Nghiên cứu ứng dụng
nafosted-fwo,NAFOSTED-FWO,Hợp tác nghiên cứu Việt Nam – Bỉ (FWO) năm 2025,closed,NAFOSTED,Quỹ Phát triển Khoa học và Công nghệ Quốc gia,Bộ Khoa học và Công nghệ,,,Hợp tác quốc tế,Hợp tác nghiên cứu Việt Nam – Bỉ,Liên ngành,Hợp tác quốc tế,,,,,,grant,Nhóm nghiên cứu,Nhóm nghiên cứu Việt Nam và Bỉ,,2025-06-01,2025-09-30,,,,,,2025,false,,,https://www.fwo.be,,,Hợp tác nghiên cứu Việt Nam – Bỉ
nafosted-snsf,NAFOSTED-SNSF,Hợp tác nghiên cứu Việt Nam – Thụy Sĩ năm 2025,closed,NAFOSTED,Quỹ Phát triển Khoa học và Công nghệ Quốc gia,Bộ Khoa học và Công nghệ,,,Hợp tác quốc tế,Hợp tác nghiên cứu Việt Nam – Thụy Sĩ,Liên ngành,Hợp tác quốc tế,,,,,,grant,Nhóm nghiên cứu,Nhóm nghiên cứu Việt Nam và Thụy Sĩ,,2025-01-01,2025-01-15,,,,,,2025,false,,,https://www.snf.ch,,,Hợp tác nghiên cứu Việt Nam – Thụy Sĩ
he-cluster1-2025,HE-CL1-2025,Health Cluster Research Funding 2025,closed,EU,Horizon Europe,European Commission,,,Y tế,Nghiên cứu sức khỏe thuộc Horizon Europe,Y tế,Y sinh; Y tế công cộng,,,,,,grant,Tổ chức nghiên cứu,Nhóm nghiên cứu quốc tế có đối tác EU,,2025-01-15,2025-04-15,,,,,,2025,false,,,https://ec.europa.eu/info/funding-tenders/opportunities/portal,,,Nghiên cứu sức khỏe thuộc Horizon Europe
he-climate-2025,HE-CL5-2025,Climate and Energy Research Funding 2025,closed,EU,Horizon Europe,European Commission,,,Môi trường,Nghiên cứu khí hậu và năng lượng thuộc Horizon Europe,Năng lượng; Khí hậu,Chuyển dịch xanh,,,,,,grant,Liên danh nghiên cứu,Liên danh quốc tế có đối tác EU,,2025-02-01,2025-05-01,,,,,,2025,false,,,https://ec.europa.eu/info/funding-tenders/opportunities/portal,,,Nghiên cứu khí hậu và năng lượng thuộc Horizon Europe
he-msca-2025,HE-MSCA-2025,Marie Skłodowska-Curie Actions 2025,closed,EU,Horizon Europe,European Commission,,,Trao đổi học thuật,Đào tạo và luân chuyển nghiên cứu thuộc MSCA,Liên ngành,Đào tạo; trao đổi nghiên cứu,,,,,,grant,Nhà nghiên cứu,Điều kiện phụ thuộc từng chương trình MSCA,,2025-03-01,2025-09-01,,,,,,2025,false,,,https://marie-sklodowska-curie-actions.ec.europa.eu,,,Đào tạo và luân chuyển nghiên cứu thuộc MSCA
he-erc-2025,HE-ERC-2025,European Research Council Grants 2025,closed,EU,Horizon Europe,European Commission,,,Khoa học,Nghiên cứu tiên phong thuộc ERC,Liên ngành,Nghiên cứu tiên phong,,,,,,grant,Nhà nghiên cứu,Điều kiện phụ thuộc từng chương trình ERC,,2025-01-01,2025-10-01,,,,,,2025,false,,,https://erc.europa.eu,,,Nghiên cứu tiên phong thuộc ERC
jsps-kakenhi-2025,JSPS-KAKENHI-2025,KAKENHI Grant-in-Aid for Scientific Research 2025,closed,JSPS,Japan Society for the Promotion of Science,Chính phủ Nhật Bản,,,Khoa học,Tài trợ nghiên cứu cạnh tranh tại Nhật Bản,Liên ngành,Nghiên cứu cơ bản; nghiên cứu ứng dụng,,,,,,grant,Nhà nghiên cứu,Nhà nghiên cứu thuộc cơ sở đủ điều kiện ở Nhật Bản,,2024-09-01,2024-11-01,,,,,,2025,false,,,https://www.jsps.go.jp,,,Tài trợ nghiên cứu cạnh tranh tại Nhật Bản
jsps-postdoc-2025,JSPS-PD-2025,Postdoctoral Fellowship for Research in Japan 2025,closed,JSPS,Japan Society for the Promotion of Science,Chính phủ Nhật Bản,,,Trao đổi học thuật,Học bổng sau tiến sĩ tại Nhật Bản,Liên ngành,Nghiên cứu sau tiến sĩ,,,,,,grant,Nghiên cứu sinh sau tiến sĩ,Điều kiện tùy chương trình và cơ sở tiếp nhận tại Nhật Bản,,2025-01-01,2025-05-01,,,,,,2025,false,,,https://www.jsps.go.jp,,,Học bổng sau tiến sĩ tại Nhật Bản
nrf-basic-2025,NRF-BASIC-2025,Basic Research Program Korea 2025,closed,NRF,National Research Foundation of Korea,Chính phủ Hàn Quốc,,,Khoa học,Tài trợ nghiên cứu cơ bản tại Hàn Quốc,Liên ngành,Nghiên cứu học thuật,,,,,,grant,Trường đại học,Nhà nghiên cứu thuộc cơ sở đủ điều kiện ở Hàn Quốc,,2025-01-15,2025-03-15,,,,,,2025,false,,,https://www.nrf.re.kr,,,Tài trợ nghiên cứu cơ bản tại Hàn Quốc
nrf-global-2025,NRF-GLOBAL-2025,Global Research Collaboration Program 2025,closed,NRF,National Research Foundation of Korea,Chính phủ Hàn Quốc,,,Hợp tác quốc tế,Tài trợ hợp tác nghiên cứu quốc tế,Liên ngành,Nghiên cứu hợp tác,,,,,,grant,Nhóm nghiên cứu,Điều kiện tùy đợt tuyển chọn của NRF,,2025-02-01,2025-04-01,,,,,,2025,false,,,https://www.nrf.re.kr,,,Tài trợ hợp tác nghiên cứu quốc tế
nafosted-belarus-2026,,Hợp tác nghiên cứu Việt Nam – Belarus năm 2026,open,NAFOSTED,Quỹ Phát triển Khoa học và Công nghệ Quốc gia,Bộ Khoa học và Công nghệ,,,Hợp tác quốc tế,Nghiên cứu ứng dụng và phát triển công nghệ cùng đối tác Belarus,AI; An ninh mạng; Bán dẫn; Robot; Y dược; Năng lượng; Nông nghiệp,Tối đa 10 nhiệm vụ; nghiên cứu ứng dụng tối đa 8 tỷ VND; phát triển công nghệ tối đa 10 tỷ VND,,,10000000000,,10,grant,Tổ chức; doanh nghiệp; cá nhân,Đề xuất chung với đối tác Belarus; tổ chức chủ trì đáp ứng điều kiện trong thông báo,true,2026-09-01,2026-10-15,,,,,,2026,false,,,https://nafosted.gov.vn/thong-bao-ke-hoach-tai-tro-nhiem-vu-khoa-hoc-va-cong-nghe-trong-khuon-kho-hop-tac-quoc-te-nam-2026-voi-cong-hoa-belarus/,,,Tiếp nhận trước 17:00 giờ Việt Nam ngày 15/10/2026; mức trần 8 tỷ VND cho nghiên cứu ứng dụng và 10 tỷ VND cho phát triển công nghệ; cần đối tác Belarus.
nafosted-rsf-2026,,Hợp tác nghiên cứu Việt Nam – Quỹ Khoa học Nga (RSF) năm 2026,open,NAFOSTED,Quỹ Phát triển Khoa học và Công nghệ Quốc gia,Bộ Khoa học và Công nghệ,,,Hợp tác quốc tế,Nghiên cứu cơ bản và ứng dụng cùng đối tác Nga,Vật lý; Khoa học biển,"Tối đa 10 nhiệm vụ; nghiên cứu cơ bản tối đa 2,4 tỷ VND; nghiên cứu ứng dụng tối đa 8 tỷ VND",,,8000000000,,10,grant,Tổ chức; doanh nghiệp; cá nhân,Đề xuất chung với đối tác Nga; tổ chức chủ trì đáp ứng điều kiện trong thông báo,,2026-09-01,2026-11-30,,,,,,2026,false,,,https://nafosted.gov.vn/thong-bao-ke-hoach-tai-tro-nhiem-vu-khoa-hoc-va-cong-nghe-trong-khuon-kho-hop-tac-quoc-te-nam-2026-voi-quy-khoa-hoc-nga-rsf-nam-2026/,,,"Tiếp nhận trước 17:00 giờ Việt Nam ngày 30/11/2026; mức trần 2,4 tỷ VND cho nghiên cứu cơ bản và 8 tỷ VND cho nghiên cứu ứng dụng; cần đối tác Nga."
nafosted-uav-chip-2026,,Tuyển chọn nhiệm vụ nghiên cứu thiết kế và chế tạo chip thu phát vô tuyến cho UAV,open,NAFOSTED,Quỹ Phát triển Khoa học và Công nghệ Quốc gia,Bộ Khoa học và Công nghệ,,,Công nghệ chiến lược,Nhiệm vụ đặt hàng về chip thu phát vô tuyến cho UAV,Bán dẫn; UAV; Điện tử vô tuyến,Tuyển chọn tổ chức chủ trì thực hiện nhiệm vụ đặt hàng,,,,,,procurement,Tổ chức nghiên cứu; doanh nghiệp,Tổ chức đáp ứng điều kiện đăng ký chủ trì tại thông báo,,2026-09-25,2026-10-05,,,,,,2026,false,,,https://nafosted.gov.vn/thong-bao-ke-hoach-dat-hang-nhiem-vu-nghien-cuu-va-phat-trien-cong-nghe-chien-luoc-thuoc-chuong-trinh-khoa-hoc-cong-nghe-va-doi-moi-sang-tao-quoc-gia-dac-biet-ve-cong-nghe-chien-luoc-nghien/,,,Nhiệm vụ đặt hàng cụ thể; tiếp nhận đến 17:00 giờ Việt Nam ngày 05/10/2026.