_key,acronym,name,location,city,country,country_code,continent,deadline,start_date,topics,url,cfp_text,crawl_source,hash,status
NEU012026_2026-02-01,NEU012026,Bridging the gap - Meeting the needs of today's businesses,"Đại học Kinh tế quốc dân, Vietnam",Hanoi,Vietnam,VN,Asia,,2026-02-01,"business,enterprise,management",https://neu.edu.vn,,neu,1a3f6b7d9a1c2e4f8d1e2c3b4a5f6789,pending
NEU022026_2026-02-01,NEU022026,Kinh tế Việt Nam năm 2025 và Triển vọng năm 2026 - Công bố ấn phẩm Đánh giá kinh tế Việt Nam thường niên 2025,"Đại học Kinh tế quốc dân, Vietnam",Hanoi,Vietnam,VN,Asia,,2026-02-01,"economics,vietnam,macro",https://neu.edu.vn,,neu,2b4f6c8d9a2e3f5a7b1c2d3e4f6a7890,pending
NEU032026_2026-04-01,NEU032026,Hệ thống cơ sở lý luận và thực tiễn hoàn thiện thể chế xây dựng và quản trị dữ liệu số quốc gia,"Đại học Kinh tế quốc dân, Vietnam",Hanoi,Vietnam,VN,Asia,,2026-04-01,"data,governance,digital",https://neu.edu.vn,,neu,3c5f7d9a1b2c3d4e5f6a7b8c9d0e1234,pending
NEU042026_2026-04-01,NEU042026,Định hình cơ chế Sandbox cho Trung tâm Tài chính quốc tế TP.HCM (VIFC-HCMC),"Đại học Kinh tế quốc dân, Vietnam",Hanoi,Vietnam,VN,Asia,,2026-04-01,"fintech,sandbox,finance",https://neu.edu.vn,,neu,4d6f8a1b2c3d4e5f6a7b8c9d0e1f2345,pending
NEU052026_2026-04-01,NEU052026,Quản trị quốc gia và đào tạo nhân lực quản lý trong kỷ nguyên mới,"Đại học Kinh tế quốc dân, Vietnam",Hanoi,Vietnam,VN,Asia,,2026-04-01,"governance,hr,management",https://neu.edu.vn,,neu,5e7f9b1c2d3e4f5a6b7c8d9e0f1a3456,pending
NEU062026_2026-04-01,NEU062026,"Cơ chế,chính sách hội nhập quốc tế về khoa học công nghệ và đổi mới sáng tạo: Lý thuyết và kinh nghiệm quốc tế","Đại học Kinh tế quốc dân, Vietnam",Hanoi,Vietnam,VN,Asia,,2026-04-01,"innovation,policy,technology",https://neu.edu.vn,,neu,6f8a1c2d3e4f5a6b7c8d9e0f1a2b4567,pending
NEU072026_2026-05-01,NEU072026,Chuyển đổi kép trong phát triển kinh tế bền vững: Mô hình và chính sách,"Đại học Kinh tế quốc dân, Vietnam",Hanoi,Vietnam,VN,Asia,,2026-05-01,"green,digital,economy",https://neu.edu.vn,,neu,7a9b1c2d3e4f5a6b7c8d9e0f1a2b5678,pending
NEU082026_2026-05-01,NEU082026,Tái thiết hệ thống thông tin trong kỷ nguyên AI: Động lực cho phát triển kinh tế số,"Đại học Kinh tế quốc dân, Vietnam",Hanoi,Vietnam,VN,Asia,,2026-05-01,"ai,information,data",https://neu.edu.vn,,neu,8b1c2d3e4f5a6b7c8d9e0f1a2b3c6789,pending
NEU092026_2026-05-01,NEU092026,"Phát triển nhân lực đáp ứng mục tiêu tăng trưởng kinh tế cao của Việt Nam đến năm 2030,tầm nhìn đến năm 2045","Đại học Kinh tế quốc dân, Vietnam",Hanoi,Vietnam,VN,Asia,,2026-05-01,"labor,workforce,economy",https://neu.edu.vn,,neu,9c2d3e4f5a6b7c8d9e0f1a2b3c4d7890,pending
NEU102026_2026-06-01,NEU102026,Innovation and Management in the Global Society (CIM 2026),"Đại học Kinh tế quốc dân, Vietnam",Hanoi,Vietnam,VN,Asia,,2026-06-01,"innovation,management,global",https://neu.edu.vn,,neu,a1d3e4f5a6b7c8d9e0f1a2b3c4d8901,pending
NEU112026_2026-06-01,NEU112026,"Tác động của AI đến giảng dạy,nghiên cứu khoa học và quản trị đại học","Đại học Kinh tế quốc dân, Vietnam",Hanoi,Vietnam,VN,Asia,,2026-06-01,"ai,education,edtech",https://neu.edu.vn,,neu,b2e4f5a6b7c8d9e0f1a2b3c4d5e9012,pending
NEU122026_2026-07-01,NEU122026,"UWE–NEU 15th Anniversary Conference: Global Innovation,Digital Futures and Sustainability","Đại học Kinh tế quốc dân, Vietnam",Hanoi,Vietnam,VN,Asia,,2026-07-01,"innovation,sustainability,digital",https://neu.edu.vn,,neu,c3f5a6b7c8d9e0f1a2b3c4d5e6f0123,pending
NEU132026_2026-07-01,NEU132026,"International Conference on Management,Business,Economics,Law,and Technology (COMBELT 2026)","Đại học Kinh tế quốc dân, Vietnam",Hanoi,Vietnam,VN,Asia,,2026-07-01,"business,economics,technology",https://neu.edu.vn,,neu,d4a6b7c8d9e0f1a2b3c4d5e6f7a1234,pending
NEU142026_2026-07-01,NEU142026,Quản trị Nhân lực số và Phát triển bền vững,"Đại học Kinh tế quốc dân, Vietnam",Hanoi,Vietnam,VN,Asia,,2026-07-01,"hr,digital,sustainability",https://neu.edu.vn,,neu,e5b7c8d9e0f1a2b3c4d5e6f7a8b2345,pending
NEU152026_2026-07-01,NEU152026,"Đào tạo liên ngành và xuyên ngành đối với lĩnh vực kinh doanh, đáp ứng nhu cầu xã hội","Đại học Kinh tế quốc dân, Vietnam",Hanoi,Vietnam,VN,Asia,,2026-09-11,đào tạo liên ngành; kinh doanh; chuyển đổi số; trí tuệ nhân tạo,https://neu.edu.vn/dao-tao-lien-nganh-va-xuyen-nganh-bai-toan-moi-cua-giao-duc-dai-hoc-truoc-nhu-cau-xa-hoi/,Hội thảo quốc gia do Trường Kinh doanh thuộc Đại học Kinh tế Quốc dân tổ chức sáng 11/9/2026; thảo luận mô hình đào tạo liên ngành đáp ứng nhu cầu xã hội.,neu,f4dd8e65e336f14f8b1bfb94e301d0d87f7fa37a0b0f103024c2d8f3d3589229,completed
NEU162026_2026-08-01,NEU162026,"Giải phóng sức sản xuất,khơi thông và sử dụng hiệu quả các nguồn lực cho tăng trưởng: Từ quyết sách đến hành động thực tiễn","Đại học Kinh tế quốc dân, Vietnam",Hanoi,Vietnam,VN,Asia,,2026-08-01,"economic,productivity,policy",https://neu.edu.vn,,neu,16a1b2c3d4e5f6g7h8i9j0k1l2m3n4,pending
NEU172026_2026-08-01,NEU172026,Phát triển chương trình đào tạo từ xa theo hướng tích hợp trong bối cảnh chuyển đổi số giáo dục,"Đại học Kinh tế quốc dân, Vietnam",Hanoi,Vietnam,VN,Asia,,2026-08-01,"education,online,digital",https://neu.edu.vn,,neu,17b2c3d4e5f6g7h8i9j0k1l2m3n4o5,pending
NEU182026_2026-08-01,NEU182026,Innovation for Hidden champion model in new era of digital business,"Đại học Kinh tế quốc dân, Vietnam",Hanoi,Vietnam,VN,Asia,,2026-08-01,"innovation,business,model",https://neu.edu.vn,,neu,18c3d4e5f6g7h8i9j0k1l2m3n4o5p6,pending
NEU192026_2026-08-01,NEU192026,International Conference on Educational Technology and Artificial Intelligence,"Đại học Kinh tế quốc dân, Vietnam",Hanoi,Vietnam,VN,Asia,,2026-08-01,"education,ai,technology",https://neu.edu.vn,,neu,19d4e5f6g7h8i9j0k1l2m3n4o5p6q7,pending
NEU202026_2026-08-01,NEU202026,Hội thảo quốc tế dành cho các giảng viên trẻ ICYREB 2026,"Đại học Kinh tế quốc dân, Vietnam",Hanoi,Vietnam,VN,Asia,,2026-08-01,"research,economics,young",https://neu.edu.vn,,neu,20e5f6g7h8i9j0k1l2m3n4o5p6q7r8,pending
NEU212026_2026-08-01,NEU212026,Áp dụng mô hình kinh doanh “Dịch vụ năng lượng - EaaS” cho ngành điện Việt Nam trong bối cảnh đạt mục tiêu Net zero năm 2050,"Đại học Kinh tế quốc dân, Vietnam",Hanoi,Vietnam,VN,Asia,,2026-08-01,"energy,netzero,economy",https://neu.edu.vn,,neu,21f6g7h8i9j0k1l2m3n4o5p6q7r8s9,pending
NEU222026_2026-08-01,NEU222026,Cơ chế chính sách thúc đẩy hội nhập quốc tế về khoa học công nghệ và đổi mới sáng tạo của Việt Nam hiện nay,"Đại học Kinh tế quốc dân, Vietnam",Hanoi,Vietnam,VN,Asia,,2026-08-01,"policy,innovation,global",https://neu.edu.vn,,neu,22g7h8i9j0k1l2m3n4o5p6q7r8s9t0,pending
NEU232026_2026-08-01,NEU232026,Nâng cao năng lực ngoại ngữ cho sinh viên nhằm đưa tiếng Anh trở thành ngôn ngữ thứ hai trong Đại học Kinh tế Quốc dân,"Đại học Kinh tế quốc dân, Vietnam",Hanoi,Vietnam,VN,Asia,,2026-08-01,"education,language,students",https://neu.edu.vn,,neu,23h8i9j0k1l2m3n4o5p6q7r8s9t0u1,pending
NEU242026_2026-09-01,NEU242026,"Quán triệt Văn kiện Đại hội XIV Đảng Cộng sản Việt Nam vào giảng dạy, nghiên cứu và học tập các môn Lý luận chính trị","Đại học Kinh tế quốc dân, Vietnam",Hanoi,Vietnam,VN,Asia,,2026-09-25,lý luận chính trị; giáo dục đại học; Văn kiện Đại hội XIV,https://neu.edu.vn/hoi-thao-khoa-hoc-quan-triet-van-kien-dai-hoi-xiv-dang-cong-san-viet-nam-vao-giang-day-nghien-cuu-va-hoc-tap-cac-mon-ly-luan-chinh-tri/,Hội thảo khoa học quốc gia tổ chức ngày 25/9/2026 tại Đại học Kinh tế Quốc dân; trao đổi về vận dụng Văn kiện Đại hội XIV trong giảng dạy và nghiên cứu.,neu,88861004c9d4ca0797e16e57f923bb2740a7240d8622b231f4f7edc6746cfc95,completed
NEU252026_2026-09-01,NEU252026,"Hội thảo khoa học quốc tế thường niên lần 8 về Du lịch,Giải trí và Công nghiệp sáng tạo","Đại học Kinh tế quốc dân, Vietnam",Hanoi,Vietnam,VN,Asia,,2026-09-01,"tourism,creative,industry",https://neu.edu.vn,,neu,25j0k1l2m3n4o5p6q7r8s9t0u1v2w3,pending
NEU262026_2026-09-01,NEU262026,Chính sách và thực hành ESG tại Việt Nam trong bối cảnh chuyển đổi xanh và Net Zero,"Đại học Kinh tế quốc dân, Vietnam",Hanoi,Vietnam,VN,Asia,,2026-09-01,"esg,green,policy",https://neu.edu.vn,,neu,26k1l2m3n4o5p6q7r8s9t0u1v2w3x4,pending
NEU272026_2026-09-01,NEU272026,Hội thảo Khoa học quốc gia kỷ niệm 70 năm thành lập Đại học Kinh tế Quốc dân và tổng kết 40 năm đổi mới,"Đại học Kinh tế quốc dân, Vietnam",Hanoi,Vietnam,VN,Asia,,2026-09-01,"economics,development,policy",https://neu.edu.vn,,neu,27l2m3n4o5p6q7r8s9t0u1v2w3x4y5,pending
NEU282026_2026-10-01,NEU282026,Hội thảo quốc tế dành cho các sinh viên SR-ICYREB 2026,"Đại học Kinh tế quốc dân, Vietnam",Hanoi,Vietnam,VN,Asia,,2026-10-01,"student,research,economics",https://neu.edu.vn,,neu,28m3n4o5p6q7r8s9t0u1v2w3x4y5z6,pending
NEU292026_2026-10-01,NEU292026,Ứng dụng AI trong ngành bảo hiểm: Thực trạng và định hướng tương lai,"Đại học Kinh tế quốc dân, Vietnam",Hanoi,Vietnam,VN,Asia,,2026-10-01,"ai,insurance,technology",https://neu.edu.vn,,neu,29n4o5p6q7r8s9t0u1v2w3x4y5z6a7,pending
NEU302026_2026-11-01,NEU302026,Bất ổn kinh tế toàn cầu và đối sách của hệ thống tài chính Việt Nam,"Đại học Kinh tế quốc dân, Vietnam",Hanoi,Vietnam,VN,Asia,,2026-11-01,"finance,economics,global",https://neu.edu.vn,,neu,30o5p6q7r8s9t0u1v2w3x4y5z6a7b8,pending
NEU312026_2026-11-01,NEU312026,Hệ thống thông tin quản lý trong kỷ nguyên số: Nền tảng cho đổi mới và phát triển bền vững,"Đại học Kinh tế quốc dân, Vietnam",Hanoi,Vietnam,VN,Asia,,2026-11-01,"information systems,digital,innovation",https://neu.edu.vn,,neu,31p6q7r8s9t0u1v2w3x4y5z6a7b8c9,pending
NEU322026_2026-11-01,NEU322026,"Thúc đẩy Kinh doanh Chuỗi Nông sản – Thực phẩm Minh bạch,Trách nhiệm và Bền vững","Đại học Kinh tế quốc dân, Vietnam",Hanoi,Vietnam,VN,Asia,,2026-11-01,"agriculture,supply chain,sustainability",https://neu.edu.vn,,neu,32q7r8s9t0u1v2w3x4y5z6a7b8c9d0,pending
NEU332026_2026-11-01,NEU332026,"Giáo dục đại học trong kỷ nguyên toàn cầu hóa,trí tuệ nhân tạo và tự động hóa","Đại học Kinh tế quốc dân, Vietnam",Hanoi,Vietnam,VN,Asia,,2026-11-01,"education,ai,global",https://neu.edu.vn,,neu,33r8s9t0u1v2w3x4y5z6a7b8c9d0e1,pending
NEU342026_2026-11-01,NEU342026,Vai trò của trí thức trẻ trong nền kinh tế số - Lần thứ VII,"Đại học Kinh tế quốc dân, Vietnam",Hanoi,Vietnam,VN,Asia,,2026-11-01,"youth,digital,economy",https://neu.edu.vn,,neu,34s9t0u1v2w3x4y5z6a7b8c9d0e1f2,pending
NEU352026_2026-11-01,NEU352026,Pháp luật kinh tế Việt Nam trong kỷ nguyên số và chuyển đổi xanh,"Đại học Kinh tế quốc dân, Vietnam",Hanoi,Vietnam,VN,Asia,,2026-11-01,"law,economics,green",https://neu.edu.vn,,neu,35t0u1v2w3x4y5z6a7b8c9d0e1f2g3,pending
NEU362026_2026-11-01,NEU362026,Công tác chăm sóc người học trong bối cảnh chuyển đổi số,"Đại học Kinh tế quốc dân, Vietnam",Hanoi,Vietnam,VN,Asia,,2026-11-01,"education,students,digital",https://neu.edu.vn,,neu,36u1v2w3x4y5z6a7b8c9d0e1f2g3h4,pending
NEU372026_2026-11-01,NEU372026,Khả năng chống chịu của các chủ thể kinh tế trước các cú sốc trong bối cảnh mới: Bằng chứng từ dữ liệu và phân tích thống kê,"Đại học Kinh tế quốc dân, Vietnam",Hanoi,Vietnam,VN,Asia,,2026-11-01,"economics,data,analysis",https://neu.edu.vn,,neu,37v2w3x4y5z6a7b8c9d0e1f2g3h4i5,pending
NEU382026_2026-11-01,NEU382026,The Rise of AI Agents: Redefining Enterprise Autonomy in 2026,"Đại học Kinh tế quốc dân, Vietnam",Hanoi,Vietnam,VN,Asia,,2026-11-01,"ai,enterprise,automation",https://neu.edu.vn,,neu,38w3x4y5z6a7b8c9d0e1f2g3h4i5j6,pending
NEU392026_2026-11-01,CIEMB2026,"The 9th International Conference on Contemporary Issues in Economics, Management and Business (9th CIEMB 2026)","Đại học Kinh tế quốc dân, Vietnam",Hanoi,Vietnam,VN,Asia,2026-10-30,2026-12-03,kinh tế; quản trị; kinh doanh; hệ thống thông tin quản lý; phát triển bền vững,https://neu.edu.vn/thu-moi-viet-bai-hoi-thao-quoc-te-lan-thu-9-cac-van-de-duong-dai-trong-kinh-te-quan-tri-va-kinh-doanh-9th-ciemb-2026/,NEU phối hợp Australian National University tổ chức tại Hà Nội ngày 3–4/12/2026. Hạn nộp bài toàn văn tiếng Anh 5.000–10.000 từ: 30/10/2026 qua ciemb@neu.edu.vn. Công bố kết quả 14/11; đăng ký trước 20/11. Bài qua phản biện và trình bày trực tiếp được đưa vào kỷ yếu ISBN; cơ hội xem xét tại tạp chí liên kết không đồng nghĩa được chấp nhận đăng.,neu,251251821f70fd6fd0520eb372ac2c8e63749157abbd9cdd77e21e7788823f66,open
NEU402026_2026-11-01,NEU402026,Các định hướng và giải pháp phát triển thị trường bất động sản nhằm thúc đẩy phát triển kinh tế bền vững ở Việt Nam đến năm 2030,"Đại học Kinh tế quốc dân, Vietnam",Hanoi,Vietnam,VN,Asia,,2026-11-01,"real estate,economics,policy",https://neu.edu.vn,,neu,40y5z6a7b8c9d0e1f2g3h4i5j6k7l8,pending
NEU412026_2026-11-01,NEU412026,Các vấn đề kinh doanh mới nổi – ICECH lần thứ 14,"Đại học Kinh tế quốc dân, Vietnam",Hanoi,Vietnam,VN,Asia,,2026-11-01,"business,innovation,trends",https://neu.edu.vn,,neu,41z6a7b8c9d0e1f2g3h4i5j6k7l8m9,pending
NEU422026_2026-11-01,NEU422026,Kinh doanh bền vững trong bối cảnh kinh tế mới,"Đại học Kinh tế quốc dân, Vietnam",Hanoi,Vietnam,VN,Asia,,2026-11-01,"business,sustainability,economy",https://neu.edu.vn,,neu,42a7b8c9d0e1f2g3h4i5j6k7l8m9n0,pending
NEU432026_2026-11-01,NEU432026,Xu thế phát triển nhân lực các ngành của Viện Thương mại và Kinh tế quốc tế,"Đại học Kinh tế quốc dân, Vietnam",Hanoi,Vietnam,VN,Asia,,2026-11-01,"human resources,trade,economy",https://neu.edu.vn,,neu,43b8c9d0e1f2g3h4i5j6k7l8m9n0o1,pending
NEU442026_2026-12-01,NEU442026,"The 9th International Conference on Finance,Accounting and Auditing (The 9th ICFAA 2026)","Đại học Kinh tế quốc dân, Vietnam",Hanoi,Vietnam,VN,Asia,,2026-12-01,"finance,accounting,auditing",https://neu.edu.vn,,neu,44c9d0e1f2g3h4i5j6k7l8m9n0o1p2,pending
neu-regenerative-tourism-2026-09-24,,Phát triển du lịch tái tạo ở Việt Nam,"Đại học Kinh tế Quốc dân, Việt Nam",Hà Nội,Vietnam,VN,Asia,2026-09-05,2026-09-24,du lịch tái tạo; phát triển bền vững; chính sách du lịch,https://neu.edu.vn/phat-trien-du-lich-tai-tao-o-viet-nam-tu-thay-doi-tu-duy-den-nhung-goi-mo-cho-chinh-sach-va-thuc-tien/,"Hội thảo khoa học quốc gia tổ chức chiều 24/9/2026 trong khuôn khổ đề tài cấp Bộ do NEU chủ trì; trao đổi về tư duy phát triển du lịch tái tạo, rào cản và giải pháp chính sách. Hạn nộp bài 05/9/2026 theo bản tin khoa học và công nghệ NEU.",neu.edu.vn,a650802eeabf4e1720450a363a2eae999368c58a42b2932870e942598a8c7fb2,completed
neu-economic-model-2026-08-20,,Phát triển nền kinh tế Việt Nam: Thực trạng và định hướng trong kỷ nguyên mới,"Đại học Kinh tế Quốc dân, Việt Nam",Hà Nội,Vietnam,VN,Asia,,2026-08-20,mô hình phát triển; kinh tế Việt Nam; năng suất; đổi mới sáng tạo,https://neu.edu.vn/kien-nghi-chinh-sach-quy-iii-2026-cua-dai-hoc-kinh-te-quoc-dan/,"Hội thảo quốc gia ngày 20/8/2026 do Báo Nhân Dân, Tạp chí Cộng sản, NEU và Đại học Kinh tế Thành phố Hồ Chí Minh đồng tổ chức; thảo luận mô hình phát triển, thể chế, năng suất và đổi mới sáng tạo.",neu.edu.vn,ac4645911a4fc7d296d541bb8fc10e3505f7717f4f95056540a419c614b825cd,completed
